belongsto,id,population,latitude,longitude
ME,AZE,10067108,40.1431,47.5769
AS,AFG,32225560,33,65
EU,ALB,2845955,41.1533,20.1683
AF,DZA,43000000,28.0339,1.6596
EU,AND,77543,42.5063,1.5218
AF,AGO,31127674,-11.2027,17.8739
NA,ACA,96453,17.0608,-61.7964
SA,ARG,45376763,-38.4161,-63.6167
ME,ARM,2957500,40.0691,45.0382
NA,ABW,112309,12.5186,-70.0358
AP,AUS,25360053,-25.274399,133.775131
EU,AUT,8861572,47.5162,14.5501
NA,BHS,385340,25.0343,-77.3963
ME,BHR,1543300,26.0275,50.55
AS,BGD,168355042,23.685,90.3563
NA,BRB,287025,13.1939,-59.5432
EU,BLR,9413446,53.7098,27.9534
EU,BEL,11431406,50.8333,4
NA,BLZ,408487,13.1939,-59.5432
AF,BEN,11733059,9.3077,2.3158
AS,BTN,741672,27.5142,90.4336
SA,BOL,11469896,-16.2902,-63.5887
EU,BIH,3301000,43.9159,17.6791
AF,BWA,2338851,-22.3285,24.6849
SA,BRA,210147125,-14.235,-51.9253
AS,BRN,442400,4.5353,114.7277
EU,BGR,7000039,42.7339,25.4858
AF,BFA,20870060,12.2383,-1.5616
AS,MMR,54339766,21.9162,95.956
AF,BDI,11215578,-3.3731,29.9189
AF,CPV,550483,16.5388,-23.0418
AS,KHM,15288489,11.55,104.9167
AF,CMR,26545864,3.848,11.5021
NA,CAN,37891646,56.130367,-106.346771
AF,CPV,550483,16.5388,-23.0418
NA,CYM,68076,19.3133,-81.2546
AF,CAF,5496011,6.6111,20.9394
AF,TCD,16244513,15.4542,18.7322
EU,JEY,170499,49.3723,-2.3644
SA,CHX,19433308,-35.6751,-71.543
AS,CHI,1333274649,35.86166,104.195396
SA,COL,50372424,4.5709,-74.2973
AF,COM,850886,-11.41,43.16
AF,COG,5399895,-4.0383,21.7587
AF,COD,86790567,-4.0383,21.7587
NA,CRI,5058007,9.7489,-83.7534
AF,CIV,25823071,7.54,-5.5471
EU,HRV,4076246,45.1,15.2
NA,CUB,11209628,22,-80
NA,CUW,158665,12.1696,-68.99
EU,CYP,875900,35.1264,33.4299
EU,CZE,10693939,49.8175,15.473
EU,DNK,5822763,56.2639,9.5018
EU,FRO,52110,61.8926,-6.9118
EU,GRL,56081,71.7069,-42.6043
AF,DJI,1078373,11.8251,42.5903
NA,DMA,71808,15.415,-61.371
NA,DOM,10358320,18.7357,-70.1627
AS,TLX,1387149,-8.874217,125.727539
SA,ECD,17454696,-1.8312,-78.1834
AF,EGY,100188362,26,30
NA,SLV,6486201,13.7942,-88.8965
AF,GNR,1358276,1.5,10
AF,ERI,3497117,15.1794,39.7823
EU,EST,1328360,58.5953,25.0136
AF,SWZ,1093238,-26.5225,31.4659
AF,ETH,98665000,9.145,40.4897
AP,FJI,884887,-17.7134,178.065
EU,FIN,5528292,64,26
SA,GUF,244118,3.9339,-53.1258
EU,FXX,63697865,46.2276,2.2137
AP,PYF,275918,-17.6797,-149.4068
NA,GLP,402119,16.25,-61.5833
NA,MTQ,385551,14.6415,-61.0242
AF,MYT,212645,-12.8275,45.1662
AP,NCL,271407,-20.904305,165.618042
AF,REU,835103,-21.1351,55.2471
NA,BLM,9793,17.9,-62.8333
NA,SPM,5997,46.8852,-56.3159
NA,MAF,77741,18.0708,-63.0501
AP,WLF,11558,-13.17,-176.11
AF,GAB,2172579,-0.8037,11.6094
AF,GMB,2347706,13.4432,-15.3101
ME,GEG,3723464,42.3154,43.3569
EU,DEU,82933274,51,9
AF,GHA,30280811,7.9465,-1.0232
EU,GIB,33701,36.1408,-5.3536
EU,GRC,10724599,39.0742,21.8243
NA,GRD,112003,12.1165,-61.679
AP,GUM,168801,13.4443,144.1793732
NA,GTM,16604026,15.7835,-90.2308
EU,GGG,62792,49.46,-2.535278
AF,GIN,12218357,9.9456,-9.6966
AF,GNB,1604528,11.8037,-15.1804
SA,GUY,782766,5,-58.75
NA,HTI,11577779,18.9712,-72.2852
NA,HND,9158345,15.2,-86.2419
AS,HKG,7061200,22.3,114.2
EU,HUN,9772756,47.1625,19.5033
EU,ISL,364260,64.9631,-19.0208
AS,INX,1341569971,21,78
AS,IDN,266911900,-0.7893,113.9213
ME,IRN,83322879,32,53
ME,IRR,39127900,33,44
EU,IRL,4761865,53.1424,-7.6921
ME,ISR,9178650,31,35
EU,ITA,59433744,43,12
NA,JAM,2726667,18.1096,-77.2975
AS,JPN,125950000,36,138
ME,JOR,10647224,31.24,36.51
AS,KAZ,18672624,48.0196,66.9237
AF,KEN,47564296,-0.0236,37.9062
AP,KIR,119940,1.28,173.2
AS,KOR,51780579,36,128
EU,KOS,1795666,42.602636,20.902977
ME,KWT,4420110,29.5,47.75
AS,KGZ,6523500,41.2044,74.7661
AS,LAO,7123205,19.85627,102.495496
EU,LVA,1906800,56.8796,24.6032
ME,LBN,6825442,33.8547,35.8623
AF,LSO,2108328,-29.28,27.56
AF,LBR,4475353,6.4281,-9.4295
AF,LBY,6871287,26.3351,17.228331
EU,LIE,38749,47.14,9.55
EU,LTU,2793471,55.1694,23.8813
EU,LUX,613894,49.8153,6.1296
AS,MAC,552300,22.1667,113.55
AF,MDG,26251309,-18.7669,46.8691
AF,MWI,17563749,-13.254308,34.301525
AS,MYS,32734760,2.5,112.5
AS,MDV,374775,3.2028,73.2207
AF,MLI,19973000,17.570692,-3.996166
EU,MLT,493559,35.9375,14.3754
AP,MHL,58413,7.7,171.4
AF,MRT,4077347,21.0079,10.9408
AS,MUS,1265985,-20.2,57.5
NA,MEX,127792286,23.6345,-102.5528
AP,FSM,104468,6.55,158.11
EU,MDA,2681735,47.4116,28.3699
EU,MCO,38300,43.7333,7.4167
AS,MNG,3310099,46.8625,103.8467
EU,MNE,622359,42.5,19.3
AF,MAR,35853810,31.7917,-7.0926
AF,MOZ,30066648,-18.665695,35.529562
AF,NAM,2458936,-22.9576,18.4904
AS,NPL,29996478,28.1667,84.25
NA,NL-BQ3,25157,12.1784,-68.2385
EU,NLX,17282163,52.1326,5.2913
NA,SXM,41486,18.0425,-63.0548
AP,COK,17459,-21.12,-159.46
AP,NZL,4974237,-40.9006,174.886
NA,NIC,6460411,12.8654,-85.2072
AF,NER,22314743,17.6078,8.0817
AF,NGA,206139587,9.082,8.6753
EU,NIR,1893700,54.607868,-5.926437
EU,MKD,2077132,41.6086,21.7453
EU,NOW,5367580,60.472,8.4689
ME,OMN,4664790,21,57
AS,PAK,219115520,30.3753,69.3451
SA,PER,35057835,-9.19,-75.0152
AS,PHL,108473275,13,122
EU,POL,38452302,51.9194,19.1451
EU,PRX,10646013,39.3999,-8.2245
NA,PRI,3193694,18.2208,-66.5901
ME,QAT,2747282,25.3548,51.1839
AS,PRK,25549604,39.2,125.45
EU,ROU,19405156,45.9432,24.9668
EU,RUS,150157989,60,90
AF,RWA,12374397,-1.9403,29.8739
NA,KNA,52823,17.357822,-62.782998
NA,LCA,178696,13.9094,-60.9789
NA,SXM,41486,18.0425,-63.0548
NA,VCT,110608,12.9843,-61.2872
AP,WSM,202506,-13.5,-171.45
EU,SMR,33574,43.9424,12.4578
AF,STS,211028,0.2,6.44
ME,SAU,34218169,24,45
AF,SEN,16209125,14.4974,-14.4524
EU,SRB,6963764,44.0165,21.0059
AS,SYC,97625,-4.6796,55.492
AF,SLE,7901454,8.460555,-11.779889
AS,SGP,5703600,1.2833,103.8333
EU,SVK,5456362,48.669,19.699
EU,SVN,2094060,46.1512,14.9955
AP,SLB,652857,-9.28,159.49
AF,SOX,15893219,5.1521,46.1996
AF,ZAX,58775022,-30.5595,22.9375
AF,SDS,10975927,6.877,31.307
EU,ESX,47026208,40,-4
AS,LKA,21803000,7,81
NA,MAF,77741,18.0708,-63.0501
AF,SDN,42385235,12.8628,30.2176
SA,SUR,581372,3.9193,-56.0278
EU,SWE,10327589,63,16
EU,CHE,8603899,46.8182,8.2275
ME,SYX,17500657,34.802075,38.996815
AS,TWN,23604265,23.7,121
AS,TJK,9275827,38.861034,71.276093
AF,TZA,55890747,-6.369,34.8888
AS,THA,66487442,15,101
AF,TGO,7538000,8.6195,0.8248
NA,TTO,1363985,10.6918,-61.2225
AF,TUN,11722038,34,9
ME,TUR,83154997,38.9637,35.2433
EU,GBR,66796961,55.3781,-3.436
NA,USB,328239523,39.368279,-97.327179
AP,ASM,55641,-14.271,-170.1322
AP,MNP,51659,15.27783,145.84695
NA,VIR,106405,18.3358,-64.8963
AF,UGA,40299300,1,32
EU,UKR,46365653,48.3794,31.1656
ME,ARE,9890400,24,54
NA,AIA,14869,18.2206,-63.0686
NA,BMU,62506,32.3078,-64.7505
NA,VGB,31758,18.4207,-64.64
NA,CYM,68076,19.3133,-81.2546
EU,JEY,170499,49.26,-2.19
SA,FLK,2840,-51.7963,-59.5236
EU,IMN,83314,54.2361,-4.5481
NA,MSR,5215,16.7425,-62.1874
NA,SHS,5633,-15.56,-5.43
NA,TCA,38191,21.694,-71.7979
SA,URY,3518552,-32.5228,-55.7658
AS,UZB,34098161,41.3775,64.5853
AP,VUT,307815,-15.23259,166.8282
EU,VAT,453,41.9029,12.4534
SA,VEN,32219521,6.4238,-66.5897
AS,VNM,96208984,16,108
AS,YEM,28498683,15.552727,48.516388
AF,ZMB,17885422,-15.4167,28.2833
AF,ZWE,15159624,-20,30
AP,AU-ACT,426709,-35.4735,149.0124
AP,AU-JBT,391,-35.855,150.4249
AP,AU-NSW,8089526,-33.8688,151.2093
AP,AU-NT,245869,-12.4634,130.8456
AP,AU-QLD,5095100,-28.0167,153.4
AP,AU-SA,1751693,-34.9285,138.6007
AP,AU-TAS,534281,-41.4545,145.9707
AP,AU-VIC,6594804,-37.8136,144.9631
AP,AU-WA,2621680,-31.9505,115.8605
EU,BE-VAN,1857986,51.216667,4.416667
EU,BE-BRU,1208542,50.85,4.35
EU,BE-VOV,1515064,51,3.75
EU,BE-VBR,1146175,50.916667,4.583333
EU,BE-WHT,1344241,50.5,3.92
EU,BE-WLG,1106992,50.633333,5.566667
EU,BE-VLI,874048,50.6,5.933333
EU,BE-WLX,284638,49.92,5.42
EU,BE-WNA,494325,50.466667,4.85
EU,BE-WBR,403599,50.666667,4.583333
EU,BE-VWV,1195796,51,3
SA,BR-AC,881935,-9.070003236,-68.66997929
SA,BR-AL,3337357,-9.48000405,-35.83996769
SA,BR-AP,845731,-0.039598369,-51.17998743
SA,BR-AM,4144597,-3.289580873,-60.6199797
SA,BR-BA,14873064,-16.28000242,-39.0299797
SA,BR-CE,9132078,-2.89999225,-40.85002364
SA,BR-DF,3015268,-15.78334023,-47.91605229
SA,BR-ES,4018650,-20.85000771,-41.12998071
SA,BR-GO,7018354,-17.73004311,-49.10998458
SA,BR-MA,7075181,-5.809995505,-46.14998438
SA,BR-MT,3484466,-15.65001504,-56.14002059
SA,BR-MS,2778986,-22.53000853,-55.7299681
SA,BR-MG,21168791,-18.78000486,-42.95002466
SA,BR-PA,8602865,-1.190019105,-47.17999903
SA,BR-PB,4018127,-7.019585756,-37.29000838
SA,BR-PR,11433957,-24.08996499,-54.2699797
SA,BR-PE,9557071,-8.110010153,-35.02004358
SA,BR-PI,3273227,-4.820030091,-42.18001998
SA,BR-RN,3506853,-5.650005271,-37.80000309
SA,BR-RS,11377239,-30.88004148,-55.53000615
SA,BR-RJ,17264943,-22.56003253,-44.1699502
SA,BR-RO,1777225,-11.64002724,-61.20999536
SA,BR-RR,605761,1.816231505,-61.12767481
SA,BR-SC,7164788,-27.23003172,-52.03001306
SA,BR-SP,45919049,-23.65283405,-46.52781661
SA,BR-SE,2298696,-11.26961058,-37.45002446
SA,BR-TO,1572866,-6.319576804,-47.41998438
NA,CA-QC,8537674,52.9399,-73.5491
NA,CA-AB,4413146,53.9333,-116.5765
NA,CA-BC,5110917,49.2827,-123.1207
NA,CA-ON,14711827,51.2538,-85.3232
NA,CA-MB,1377517,53.7609,-98.8139
NA,CA-NB,779993,46.5653,-66.4619
NA,CA-NL,521365,53.1355,-57.6604
NA,CA-NT,44904,64.8255,-124.8457
NA,CA-NS,977457,44.682,-63.7443
NA,CA-NU,35944,73,-91
NA,CA-PE,158158,46.5107,-63.4168
NA,CA-SK,1181666,52.9399,-106.4509
NA,CA-YT,41078,64.2823,-135
SA,CL-AN,691854,-23.6509,-70.3975
SA,CL-AR,1014343,-38.9489,-72.3311
SA,CL-AP,252110,-18.594,-69.4785
SA,CL-AT,314709,-23.8634,-69.1328
SA,CL-AI,82295,-45.9864,-73.7669
SA,CL-BI,2175247,-37.4464,-72.1416
SA,CL-CO,836096,-29.959,-71.3389
SA,CL-LL,891440,-41.9198,-72.1416
SA,CL-LR,405835,-40.231,-72.3311
SA,CL-MA,178362,-52.368,-70.9863
SA,CL-ML,1131939,-35.5183,-71.6885
SA,CL-RM,8125072,-33.4376,-70.6505
SA,CL-LI,991063,-48.4674,-72.5592
SA,CL-TA,382773,-19.9232,-69.5132
SA,CL-VS,1960170,-33.0472,-71.6127
AS,CN-34,59500510,31.8257,117.2264
AS,CN-11,19612368,40.1824,116.4142
AS,CN-50,28846170,30.0572,107.874
AS,CN-35,36894216,26.0789,117.9874
AS,CN-62,25575254,37.8099,101.0583
AS,CN-44,104303132,23.3417,113.4244
AS,CN-45,46026629,23.8298,108.7881
AS,CN-52,34746468,26.8154,106.8748
AS,CN-46,9171300,19.1959,109.7453
AS,CN-13,71854202,39.549,116.1306
AS,CN-23,38312224,47.862,127.7615
AS,CN-41,94023567,33.882,113.614
AS,CN-42,57237740,30.9756,112.2707
AS,CN-43,65683722,27.6104,111.7088
AS,CN-15,24706321,44.0935,113.9448
AS,CN-32,78659903,32.9711,119.455
AS,CN-36,44567475,27.614,115.7221
AS,CN-22,27462297,43.6661,126.1923
AS,CN-21,43746323,41.2956,122.6085
AS,CN-64,6301350,37.2692,106.1655
AS,CN-63,5626722,35.7452,95.9956
AS,CN-61,37327378,35.1917,108.8701
AS,CN-37,95793065,36.3427,118.1498
AS,CN-31,23019148,31.202,121.4491
AS,CN-14,35712111,37.5777,112.2922
AS,CN-51,80418200,30.6171,102.7103
AS,CN-12,12938224,39.3054,117.323
AS,CN-54,3002166,31.6927,88.0924
AS,CN-65,21813334,41.1129,85.2401
AS,CN-53,45966239,24.974,101.487
AS,CN-33,54426891,29.1832,120.0934
SA,CO-AMA,79020,-4.216667,-69.933333
SA,CO-ANT,6677930,6.230833,-75.590553
SA,CO-ARA,294206,7.090278,-70.761667
SA,CO-ATL,2722128,10.963889,-74.796387
SA,CO-BOL,2180976,10.4,-75.5
SA,CO-BOY,1242731,5.533333,-73.366667
SA,CO-CAL,1018453,5.070275,-75.513817
SA,CO-BOG,7743955,4.624335,-74.063644
SA,CO-CAQ,410521,1.613889,-75.612778
SA,CO-CAS,435195,5.35,-72.41
SA,CO-CAU,1491937,2.454167,-76.609167
SA,CO-CES,1295387,10.483333,-73.25
SA,CO-CHO,544764,5.692222,-76.658056
SA,CO-COR,1828947,8.75,-75.883333
SA,CO-CUN,3242999,4.862437,-74.058655
SA,CO-GUA,50636,3.865278,-67.923889
SA,CO-GUV,86657,2.566667,-72.633333
SA,CO-HUI,1122622,2.934483,-75.2809
SA,CO-LAG,965718,10.769864,-73.002151
SA,CO-MAG,1427026,11.241944,-74.205278
SA,CO-MET,1063454,4.151382,-73.637688
SA,CO-NAR,1627589,1.806667,-78.764725
SA,CO-NSA,1620318,7.888519,-72.495834
SA,CO-PUT,359127,1.15,-76.6475
SA,CO-QUI,555401,4.535,-75.67569
SA,CO-RIS,961055,4.814278,-75.694558
SA,CO-SAP,63692,12.584722,-81.700556
SA,CO-SAN,2280908,7.133333,-73
SA,CO-SUC,949252,9.295,-75.396111
SA,CO-TOL,1339998,4.433333,-75.233333
SA,CO-VAC,4532152,3.420556,-76.522224
SA,CO-VAU,44712,1.198333,-70.173333
SA,CO-VID,112958,6.183333,-67.466667
EU,DE-BW,11023425,48.783333,9.183333
EU,DE-BY,12997204,48.133333,11.566667
EU,DE-BE,3754418,52.52,13.405
EU,DE-BB,2504040,52.4,13.066667
EU,DE-HB,681032,53.083333,8.8
EU,DE-HH,1830584,53.565278,10.001389
EU,DE-HE,6243262,50.0825,8.24
EU,DE-MV,1611119,52.366667,9.716667
EU,DE-NI,7962775,53.633333,11.416667
EU,DE-NW,17912134,51.233333,6.783333
EU,DE-RP,4073679,50,8.266667
EU,DE-SL,994187,49.233333,7
EU,DE-SN,4081308,51.033333,13.733333
EU,DE-ST,2223081,52.133333,11.616667
EU,DE-SH,2889821,54.323333,10.139444
EU,DE-TH,2151205,50.983333,11.033333
AS,IN-AN,419978,11.7401,92.6586
AS,IN-AP,129364708,15.9129,79.74
AS,IN-AR,1528296,28.218,94.7278
AS,IN-AS,34586234,26.2006,92.9376
AS,IN-BR,119461013,25.0961,85.3131
AS,IN-CH,1126705,30.7333,76.7794
AS,IN-CT,28566990,21.2787,81.8661
AS,IN-DD,586956,20.1809,73.0169
AS,IN-DL,18345784,28.7041,77.1025
AS,IN-GA,1542750,15.2993,74.124
AS,IN-GJ,63907200,22.2587,71.1924
AS,IN-HR,27388008,29.0588,76.0856
AS,IN-HP,7316708,31.1048,77.1734
AS,IN-JK,13914934,33.7782,76.5762
AS,IN-JH,37329128,23.6102,85.2799
AS,IN-KA,66165886,15.3173,75.7139
AS,IN-KL,35330888,10.8505,76.2711
AS,IN-LD,64473,10.57,72.64
AS,IN-MP,82342793,22.9734,78.6569
AS,IN-MH,120837347,19.7515,75.7139
AS,IN-MN,3008546,24.6637,93.9063
AS,IN-ML,2968889,25.467,91.3662
AS,IN-MZ,1205974,23.1645,92.9376
AS,IN-NL,1978502,26.1584,94.5624
AS,IN-OR,45429399,20.9517,85.0985
AS,IN-PY,1375592,11.9416,79.8083
AS,IN-PB,29611935,31.1471,75.3412
AS,IN-RJ,78230816,27.0238,74.2179
AS,IN-SK,610577,27.533,88.5122
AS,IN-TN,38472769,18.1124,79.0193
AS,IN-TR,3673917,23.9408,91.9882
AS,IN-UP,237095024,26.8467,80.9462
AS,IN-UT,10086292,30.0668,79.0193
AS,IN-WB,97694960,22.9868,87.855
EU,IT-AB,1307309,42.35122196,13.39843823
EU,IT-BA,578036,40.63947052,15.80514834
EU,IT-CL,1959050,38.90597598,16.59440194
EU,IT-CA,5766810,40.83956555,14.25084984
EU,IT-RN,4342135,44.49436681,11.3417208
EU,IT-FR,1220291,45.6494354,13.76813649
EU,IT-LA,5502886,41.89277044,12.48366722
EU,IT-LI,1570694,44.41149315,8.9326992
EU,IT-LO,9704151,45.46679409,9.190347404
EU,IT-MA,1541319,43.61675973,13.5188753
EU,IT-MO,313660,41.55774754,14.65916051
EU,IT-BZ,504643,46.49933453,11.35662422
EU,IT-TN,524832,46.06893511,11.12123097
EU,IT-PI,4363916,45.0732745,7.680687483
EU,IT-AP,4052566,41.12559576,16.86736689
EU,IT-SA,1639362,39.21531192,9.110616306
EU,IT-SI,5002904,38.11569725,13.3623567
EU,IT-TO,3672202,43.76923077,11.25588885
EU,IT-UM,884268,43.10675841,12.38824698
EU,IT-AO,126806,45.73750286,7.320149366
EU,IT-VE,4855904,45.43490485,12.33845213
AS,JP-23,7484094,35.18028,136.90667
AS,JP-05,1022839,39.71861,140.1025
AS,JP-02,1308649,40.82444,140.74
AS,JP-12,6224027,35.60472,140.12333
AS,JP-38,1385840,33.84167,132.76611
AS,JP-18,787099,36.06528,136.22194
AS,JP-40,5102871,33.60639,130.41806
AS,JP-07,1913606,37.75,140.46778
AS,JP-21,2032533,35.39111,136.72222
AS,JP-10,1973476,36.39111,139.06083
AS,JP-34,2844963,34.39639,132.45944
AS,JP-01,5383579,43.06417,141.34694
AS,JP-28,5536989,34.69139,135.18306
AS,JP-08,2917857,36.34139,140.44667
AS,JP-17,1154343,36.59444,136.62556
AS,JP-03,1279814,39.70361,141.1525
AS,JP-37,976756,34.34028,134.04333
AS,JP-46,1648752,31.56028,130.55806
AS,JP-14,9127323,35.44778,139.6425
AS,JP-39,728461,33.55972,133.53111
AS,JP-43,1786969,32.78972,130.74167
AS,JP-26,2610140,35.02139,135.75556
AS,JP-24,1815827,34.73028,136.50861
AS,JP-04,2334215,38.26889,140.87194
AS,JP-45,1104377,31.91111,131.42389
AS,JP-20,2099759,36.65139,138.18111
AS,JP-42,1377780,32.74472,129.87361
AS,JP-29,1365008,34.68528,135.83278
AS,JP-15,2305098,37.90222,139.02361
AS,JP-44,1166729,33.23806,131.6125
AS,JP-33,1922181,34.66167,133.935
AS,JP-47,1434138,26.2125,127.68111
AS,JP-27,8838908,34.68639,135.52
AS,JP-41,833245,33.24944,130.29889
AS,JP-11,7261271,35.85694,139.64889
AS,JP-25,1413184,35.00444,135.86833
AS,JP-32,694188,35.47222,133.05056
AS,JP-22,3701181,34.97694,138.38306
AS,JP-09,1974671,36.56583,139.88361
AS,JP-36,756063,34.06583,134.55944
AS,JP-13,13513734,35.68944,139.69167
AS,JP-31,573648,35.50361,134.23833
AS,JP-16,1066883,36.69528,137.21139
AS,JP-30,963850,34.22611,135.1675
AS,JP-06,1122957,38.24056,140.36333
AS,JP-35,1405007,34.18583,131.47139
AS,JP-19,835165,35.66389,138.56833
SA,MX-AGU,1434635,21.8853,-102.2916
SA,MX-BCN,3634868,30.8406,-115.2838
SA,MX-BCS,804708,26.0444,-111.6661
SA,MX-CAM,1000617,19.8301,-90.5349
SA,MX-CHP,3218720,27.0587,-101.7068
SA,MX-CHH,785153,19.1223,-104.0072
SA,MX-DIF,5730367,16.7569,-93.1292
SA,MX-COA,3801487,28.633,-106.0691
SA,MX-COL,9018645,19.4326,-99.1332
SA,MX-DUR,1868996,24.5593,-104.6588
SA,MX-GUA,6228175,21.019,-101.2574
SA,MX-GRO,3657048,17.4392,-99.5451
SA,MX-HID,3086414,20.0911,-98.7624
SA,MX-JAL,8409693,20.6595,-103.3494
SA,MX-MEX,17427790,19.4969,-99.7233
SA,MX-MIC,4825401,19.5665,-101.7068
SA,MX-MOR,2044058,18.6813,-99.1013
SA,MX-NAY,1288571,21.7514,-104.8455
SA,MX-NLE,5610153,25.5922,-99.9962
SA,MX-OAX,4143593,17.0732,-96.7266
SA,MX-PUE,6604451,19.0414,-98.2063
SA,MX-QUE,2279637,20.5888,-100.3899
SA,MX-ROO,1723259,19.1817,-88.4791
SA,MX-SLP,2866142,22.1565,-100.9855
SA,MX-SIN,3156674,25.1721,-107.4795
SA,MX-SON,3074745,29.2972,-110.3309
SA,MX-TAB,2572287,17.8409,-92.6189
SA,MX-TAM,3650602,24.2669,-98.8363
SA,MX-TLA,1380011,19.3139,-98.2404
SA,MX-VER,8539862,19.1738,-96.1342
SA,MX-YUC,2259098,20.7099,-89.0943
SA,MX-ZAC,1666426,22.7709,-102.5832
EU,NL-DR,492167,52.994749,6.563223
EU,NL-FL,416546,52.51764,5.473989
EU,NL-FR,647672,53.20139,5.808588
EU,NL-GE,2071972,51.979818,5.925636
EU,NL-GR,583990,53.216667,6.55
EU,NL-LI,1116137,50.85,5.683333
EU,NL-NB,2544806,51.700196,5.306806
EU,NL-NH,2853359,52.35,4.916667
EU,NL-OV,1156431,52.505751,6.085822
EU,NL-UT,1342158,52.093813,5.119095
EU,NL-ZE,383032,51.50036,3.612964
EU,NL-ZH,3673893,52.083333,4.3
AS,PK-JK,4045366,34.027401,73.947253
AS,PK-BA,12344408,28.328492,65.898403
AS,PK-GB,870347,35.792146,74.982138
AS,PK-IS,2006572,33.665087,73.121219
AS,PK-KP,30523371,34.485332,72.09169
AS,PK-PB,110012442,30.811346,72.139132
AS,PK-SD,47886051,26.009446,68.776807
AP,PLW,17907,7.3,134.37
ME,PSX,5159076,31.50202,34.46697
NA,PAN,4218808,8.538,-80.7821
AP,PNX,8935000,-9.2844,147.0858
SA,PRY,7152703,-23.4425,-58.4438
SA,PE-AMA,421122,-6.216667,-77.85
SA,PE-ANC,1142409,-9.533333,-77.533333
SA,PE-APU,456652,-13.633333,-72.883333
SA,PE-ARE,1480009,-16.398822,-71.536886
SA,PE-AYA,681149,-13.163056,-74.224444
SA,PE-CAJ,2100090,-7.164444,-78.510556
SA,PE-CAL,1010982,-12.033333,-77.133333
SA,PE-CUS,1488112,-13.525,-71.972222
SA,PE-HUV,491278,-12.786389,-74.975556
SA,PE-HUC,854234,-9.929464,-76.239714
SA,PE-ICA,779372,-14.066667,-75.733333
SA,PE-JUN,1512111,-12.066667,-75.216667
SA,PE-LAL,2201112,-8.112,-79.0288
SA,PE-LAM,1250349,-6.762961,-79.836614
SA,PE-LIM,11209103,-12.035,-77.018611
SA,PE-LOR,1028968,-3.75,-73.25
SA,PE-MDD,134105,-12.6,-69.183333
SA,PE-MOQ,178612,-17.2,-70.933333
SA,PE-PAS,301988,-10.686389,-76.2625
SA,PE-PIU,2753890,-5.2,-80.633333
SA,PE-PUN,1690783,-15.843333,-70.023611
SA,PE-SAM,829520,-6.033333,-76.966667
SA,PE-TAC,337583,-18.05556,-70.24833
SA,PE-TUM,234638,-3.566667,-80.45
SA,PE-UCA,489664,-8.383333,-74.55
EU,RU-AD,447109,44.448835,40.254013
EU,RU-ALT,2607426,52.477021,83.868816
EU,RU-ALT,202947,51.95,85.966667
EU,RU-AMU,902844,53.418482,127.711639
EU,RU-ARK,1336539,63.448461,43.404188
EU,RU-AST,1005276,47.116641,47.337406
EU,RU-BA,4104336,54.282013,56.528301
EU,RU-BEL,1511620,50.881793,37.359083
EU,RU-BRY,1378941,52.910301,33.406285
EU,RU-BU,981238,54.550455,112.36994
EU,RU-CE,1103686,43.26872,45.799182
EU,RU-CHE,3603339,54.475139,60.413177
EU,RU-CHU,53824,64.733333,177.516667
EU,RU-CU,1313754,55.507419,47.102483
EU,RU-DA,2576531,43.035568,46.873874
EU,RU-IN,467294,43.40517,44.8203
EU,RU-IRK,2581705,57.084283,106.290867
EU,RU-IVA,1148329,56.999219,41.726645
EU,RU-YEV,190915,48.480815,131.765737
EU,RU-KB,901494,43.346964,43.521389
EU,RU-KGD,955281,54.706026,21.456853
EU,RU-KL,292410,46.421462,45.383808
EU,RU-KLU,1041641,54.355521,35.465025
EU,RU-KAM,358801,61.434398,166.788413
EU,RU-KC,439470,43.884514,41.730394
EU,RU-KR,716281,63.15587,32.990555
EU,RU-KEM,2899142,54.775411,87.209993
EU,RU-KHA,1436570,50.88285,138.828598
EU,RU-KK,546072,53.363558,89.854091
EU,RU-KHM,1432817,61.853095,70.345732
EU,RU-KIR,1503529,58.699332,49.846004
EU,RU-KO,1018674,64.131117,54.772128
EU,RU-KOS,736641,58.452918,43.818089
EU,RU-KDA,5125221,44.412298,39.233582
EU,RU-KYA,2966042,67.008246,95.991218
EU,RU-KGN,1019532,55.471375,64.816337
EU,RU-KRS,1235091,51.702506,36.127326
EU,RU-LEN,1669205,59.999111,31.74764
EU,RU-LIP,1213499,52.634465,39.187179
EU,RU-MAG,182726,62.70596,154.035695
EU,RU-ME,727979,56.601523,47.942953
EU,RU-MO,888766,54.520508,45.58471
EU,RU-MOS,12506468,55.4521,37.372
EU,RU-MOW,7503385,55.42,36.58
EU,RU-MUR,892534,67.805244,34.572247
EU,RU-NEN,41546,68.833333,54.833333
EU,RU-NIZ,3524028,56.279395,44.645749
EU,RU-SE,710275,43.053883,44.325278
EU,RU-NGR,694355,58.280449,32.556615
EU,RU-NVS,2692251,55.268094,79.765183
EU,RU-OMS,2079220,56.091609,73.362497
EU,RU-ORL,860262,52.792407,36.484837
EU,RU-ORE,2179551,52.670841,53.546526
EU,RU-PNZ,1452941,53.186558,44.659811
EU,RU-PER,2819421,59.150725,56.240625
EU,RU-PRI,2071210,45.185147,134.763918
EU,RU-PSK,760810,57.223881,29.258821
EU,RU-ROS,4404013,47.737084,41.33971
EU,RU-RYA,1227910,54.306865,40.654571
EU,RU-SPE,4662547,59.771022,30.094098
EU,RU-SA,949280,65.300749,134.148224
EU,RU-SAK,546695,50.334829,142.702744
EU,RU-SAM,3239737,53.288173,50.470943
EU,RU-SAR,2668310,51.590364,46.830634
EU,RU-SMO,1049574,54.928337,33.012683
EU,RU-STA,2735139,44.927805,43.400088
EU,RU-SVE,4486214,58.614763,61.561667
EU,RU-TAM,1178443,52.657489,41.637192
EU,RU-TA,3779265,55.380928,50.93665
EU,RU-TOM,1046039,58.476777,82.134382
EU,RU-TUL,1675758,53.879118,37.584039
EU,RU-TVE,1471459,57.063361,34.74855
EU,RU-TYU,3264841,57.665236,69.167506
EU,RU-TY,305510,94.79304,51.591419
EU,RU-UD,1570316,57.189719,52.811319
EU,RU-ULY,1382811,53.904749,47.963072
EU,RU-VLA,1523990,55.994787,40.691957
EU,RU-VGG,2699223,49.599612,44.184682
EU,RU-VLG,1269568,59.970929,40.523416
EU,RU-VOR,2378803,50.959752,40.309955
EU,RU-YAN,507006,65.264795,74.023346
EU,RU-YAR,1367398,57.862116,39.167901
EU,RU-ZAB,1155346,52.83932,116.196137
EU,ES-AN,8414240,37.39,-5.99
EU,ES-AR,1319291,41.39,-0.53
EU,ES-AS,1022800,43.2136,-5.5042
EU,ES-PM,1149460,39.34,2.39
EU,ES-VC,5003769,39.466667,-0.375
EU,ES-CN,2153389,28.28,-16.15
EU,ES-CB,581078,43.462776,-3.805
EU,ES-CM,2032863,39.856667,-4.024444
EU,ES-CL,2399548,42.605556,-5.57
EU,ES-CT,7675217,41.390205,2.154007
AF,SEC,84777,35.5318,-5.1856
EU,ES-EX,1067710,38.88028,-6.975278
EU,ES-GA,2699499,42.524,-8.324
EU,ES-LO,316798,42.465,-2.445556
EU,ES-MD,6663394,40.416775,-3.70379
AF,SEM,86487,35.292522,-2.936471
EU,ES-MU,1493898,37.591,-1.749
EU,ES-NA,654214,42.816666,-1.65
EU,ES-PV,2207776,43.262985,-2.935013
EU,SE-K,159606,56.1132,15.3751
EU,SE-W,287966,60.361,15.3922
EU,SE-X,287382,60.4029,17.084
EU,SE-I,59686,57.6348,18.29484
EU,SE-N,333848,56.393,12.541
EU,SE-Z,130810,63.929,14.4045
EU,SE-F,363599,57.47,14.1
EU,SE-H,245446,56.401,16.1918
EU,SE-G,201469,56.5321,14.481
EU,SE-BD,250093,65.352,22.1129
EU,SE-T,304805,59.1601,15.1147
EU,SE-E,465495,58.2434,15.3732
EU,SE-M,1377827,55.3535,13.117
EU,SE-D,297540,58.453,17.016
EU,SE-AB,2377081,59.334591,18.06324
EU,SE-C,383713,59.5059,17.382
EU,SE-S,282414,59.2315,13.3036
EU,SE-AC,271736,63.4942,20.1614
EU,SE-Y,245347,62.3756,17.5617
EU,SE-U,275845,59.3702,16.3232
EU,SE-O,1725881,57.70887,11.97456
NA,US-AL,4903185,32.31823,-86.902298
NA,US-AK,731545,66.160507,-153.369141
NA,US-AZ,7278717,34.048927,-111.093735
NA,US-AR,3017804,34.799999,-92.199997
NA,US-CA,39512223,36.778259,-119.417931
NA,US-CO,5758736,39.113014,-105.358887
NA,US-CT,3565287,41.599998,-72.699997
NA,US-DE,973764,39,-75.5
NA,US-DC,705749,38.9072,-77.0369
NA,US-FL,21477737,27.994402,-81.760254
NA,US-GA,10617423,33.247875,-83.441162
NA,US-HI,1415872,19.741755,-155.844437
NA,US-ID,1787065,44.068203,-114.742043
NA,US-IL,12671821,40,-89
NA,US-IN,6732219,40.273502,-86.126976
NA,US-IA,3155070,42.032974,-93.581543
NA,US-KS,2913314,38.5,-98
NA,US-KY,4467673,37.839333,-84.27002
NA,US-LA,4648794,30.39183,-92.329102
NA,US-ME,1344212,45.367584,-68.972168
NA,US-MD,6045680,39.045753,-76.641273
NA,US-MA,6892503,42.407211,-71.382439
NA,US-MI,9986857,44.182205,-84.506836
NA,US-MN,5639632,46.39241,-94.63623
NA,US-MS,2976149,33,-90
NA,US-MO,6137428,38.573936,-92.60376
NA,US-MT,1068778,46.96526,-109.533691
NA,US-NE,1934408,41.5,-100
NA,US-NV,3080156,39.876019,-117.224121
NA,US-NH,1359711,44,-71.5
NA,US-NJ,8882190,39.833851,-74.871826
NA,US-NM,2096829,34.307144,-106.018066
NA,US-NY,19453561,43,-75
NA,US-NC,10488084,35.782169,-80.793457
NA,US-ND,762062,47.650589,-100.437012
NA,US-OH,11689100,40.367474,-82.996216
NA,US-OK,3956971,36.084621,-96.921387
NA,US-OR,4217737,44,-120.5
NA,US-PA,12801989,41.203323,-77.194527
NA,US-RI,1059361,41.700001,-71.5
NA,US-SC,5148714,33.836082,-81.163727
NA,US-SD,884659,44.5,-100
NA,US-TN,6829174,35.860119,-86.660156
NA,US-TX,28995881,31,-100
NA,US-UT,3205958,39.41922,-111.950684
NA,US-VT,623989,44,-72.699997
NA,US-VA,8535519,37.926868,-78.024902
NA,US-WA,7614893,47.751076,-120.740135
NA,US-WV,1792147,39,-80.5
NA,US-WI,5822434,44.5,-89.5
NA,US-WY,578759,43.07597,-107.290283
EU,UA-71,1291135,49.253559,31.378329
EU,UA-74,1104241,51.347162,32.016707
EU,UA-77,903782,48.269841,25.97109
EU,UA-43,2416856,45.3,34.4
EU,UA-12,3344073,48.166611,33.952679
EU,UA-14,4448031,48.04733,37.669412
EU,UA-26,1380770,48.705101,24.609296
EU,UA-63,2755177,49.612761,36.514406
EU,UA-65,1091151,46.66268,33.577394
EU,UA-68,1331534,49.422983,26.987133
EU,UA-30,2782016,50.427074,30.530672
EU,UA-32,1719602,49.843123,30.727949
EU,UA-35,1014809,48.507933,32.262317
EU,UA-09,2300412,48.574041,39.307815
EU,UA-46,2545634,49.724836,23.921202
EU,UA-48,1186452,47.369854,31.706007
EU,UA-51,2387636,46.891548,30.547979
EU,UA-53,1493668,49.713595,33.811322
EU,UA-56,1152576,51.043432,26.397584
EU,UA-40,443211,44.36,33.32
EU,UA-59,1166765,51.393248,33.665627
EU,UA-61,1086694,49.402562,25.640005
EU,UA-05,1646250,48.926546,28.692087
EU,UA-07,1038223,51.202858,24.883489
EU,UA-21,1246323,48.405051,23.281219
EU,UA-23,1805431,47.251409,35.699543
EU,UA-18,1283201,50.642612,28.484557
EU,ENG,56286961,51.3,-0.7
EU,SCT,5463300,55.5711,-3.112
EU,WLS,3153000,51.29,-3.11